S.No,S.NoDate,Account ID,Account No,Member ID,Member Name,Member Extension,Break Time,Lunch Time,Meeting Time,Query Time
1,2026-10-05,394,3941999388070,134540,AI Bot,3941010,00:00:00,00:00:00,00:00:00,00:00:00
2,2026-10-05,394,3941999388070,7068,Hue1001,3941001,00:13:15,00:56:42,00:10:29,00:00:00
3,2026-10-05,394,3941999388070,7069,Hue1002,3941002,00:11:55,00:00:00,00:16:51,00:00:00
4,2026-10-05,394,3941999388070,7070,Hue1003,3941003,00:11:51,00:00:00,00:00:00,00:00:00
5,2026-10-05,394,3941999388070,7071,Hue1004,3941004,00:16:17,00:28:19,00:48:29,00:00:00
6,2026-10-05,394,3941999388070,7072,Hue1005,3941005,00:00:00,00:00:00,00:00:00,00:00:00
7,2026-10-05,394,3941999388070,7073,Hue1006,3941006,00:00:00,00:00:00,00:00:00,00:00:00
8,2026-10-05,394,3941999388070,7074,Hue1007,3941007,00:14:32,00:36:01,00:00:00,00:00:00
9,2026-10-05,394,3941999388070,7399,Hue1008,3941008,00:15:15,00:31:49,00:00:00,00:00:00
10,2026-10-05,394,3941999388070,7400,Hue1009,3941009,00:59:18,00:00:00,00:00:00,00:00:00
11,2026-10-05,394,3941999388070,176125,Hue1010,3941011,00:32:45,00:38:05,00:12:55,00:00:00
12,2026-10-05,394,3941999388070,176126,Hue1011,3941012,00:30:18,00:25:44,00:00:00,00:00:00
13,2026-10-05,394,3941999388070,176127,Hue1012,3941013,00:12:07,00:26:42,00:13:09,00:00:00
