S.No,Member Name,Extension No,Work Date,Login Time,Logout Time,Total Seconds,Duration Formatted
1,Hue1003,3941003,2026-10-05,2026-10-05 08:07:13,2026-10-05 14:05:22,30908,8:35:08
2,Hue1008,3941008,2026-10-05,2026-10-05 08:46:32,2026-10-05 17:46:22,30828,8:33:48
3,Hue1007,3941007,2026-10-05,2026-10-05 09:19:32,2026-10-05 16:32:18,29627,8:13:47
4,Hue1011,3941012,2026-10-05,2026-10-05 09:25:54,2026-10-05 18:00:05,27884,7:44:44
5,Hue1012,3941013,2026-10-05,2026-10-05 09:27:29,2026-10-05 16:43:39,26135,7:15:35
6,Hue1009,3941009,2026-10-05,2026-10-05 09:36:14,2026-10-05 14:19:10,27624,7:40:24
7,Hue1004,3941004,2026-10-05,2026-10-05 09:40:55,2026-10-05 17:02:47,23619,6:33:39
8,Hue1001,3941001,2026-10-05,2026-10-05 09:46:48,2026-10-05 18:24:22,24830,6:53:50
9,Hue1010,3941011,2026-10-05,2026-10-05 09:51:21,2026-10-05 18:04:22,25608,7:06:48
10,Hue1002,3941002,2026-10-05,2026-10-05 10:37:52,2026-10-05 18:23:20,26044,7:14:04
