S.No,Member Name,Extension,Customer Phone,Call Date,Direction,Disposition,Line Number
1,Hue1011,3941012,+919810101147,2026-10-05 17:52:56,Inbound,NO ANSWER,918914458267
2,Hue1007,3941007,+919445424086,2026-10-05 17:40:03,Inbound,NO ANSWER,918914458287
3,Hue1007,3941007,+919445424086,2026-10-05 17:39:51,Inbound,NO ANSWER,918914458287
4,Hue1007,3941007,+919884036085,2026-10-05 17:38:03,Inbound,NO ANSWER,918914458287
5,,,+918248558309,2026-10-05 17:33:12,Inbound,NO ANSWER,914440835102
6,Hue1003,3941003,+919841802104,2026-10-05 17:31:22,Inbound,NO ANSWER,918914458223
7,Hue1003,3941003,+919952257062,2026-10-05 17:23:45,Inbound,NO ANSWER,918914458223
8,Hue1007,3941007,+917395920051,2026-10-05 17:20:30,Inbound,NO ANSWER,918914458287
9,Hue1003,3941003,+919384876935,2026-10-05 16:45:52,Inbound,NO ANSWER,918914458223
10,Hue1003,3941003,+917092363326,2026-10-05 16:36:47,Inbound,NO ANSWER,918914458223
11,Hue1003,3941003,+919080099478,2026-10-05 16:36:33,Inbound,NO ANSWER,918914458223
12,Hue1003,3941003,+919080099478,2026-10-05 16:36:31,Inbound,NO ANSWER,918914458223
13,Hue1003,3941003,+919080099478,2026-10-05 16:36:26,Inbound,NO ANSWER,918914458223
14,Hue1003,3941003,+919080099478,2026-10-05 16:36:23,Inbound,NO ANSWER,918914458223
15,Hue1005,3941005,+919087066642,2026-10-05 16:36:23,Inbound,NO ANSWER,918914458296
16,Hue1005,3941005,+919087066642,2026-10-05 16:36:10,Inbound,NO ANSWER,918914458296
17,Hue1003,3941003,+919080099478,2026-10-05 16:35:18,Inbound,NO ANSWER,918914458223
18,Hue1003,3941003,+919080099478,2026-10-05 16:35:16,Inbound,NO ANSWER,918914458223
19,Hue1003,3941003,+919080099478,2026-10-05 16:35:11,Inbound,NO ANSWER,918914458223
20,Hue1003,3941003,+919080099478,2026-10-05 16:35:08,Inbound,NO ANSWER,918914458223
21,Hue1003,3941003,+919080099478,2026-10-05 16:34:58,Inbound,NO ANSWER,918914458223
22,Hue1004,3941004,+919442786456,2026-10-05 16:13:58,Inbound,NO ANSWER,918914458332
23,Hue1007,3941007,8056215201,2026-10-05 16:02:47,Inbound,NO ANSWER,918914458287
24,Hue1007,3941007,8056215201,2026-10-05 16:02:39,Inbound,NO ANSWER,918914458287
25,Hue1007,3941007,8056215201,2026-10-05 16:02:30,Inbound,NO ANSWER,918914458287
26,Hue1007,3941007,+919365737823,2026-10-05 15:57:20,Inbound,NO ANSWER,918914458287
27,Hue1003,3941003,+919677436112,2026-10-05 15:57:01,Inbound,NO ANSWER,918914458223
28,Hue1007,3941007,+919841501060,2026-10-05 15:54:46,Inbound,NO ANSWER,918914458287
29,Hue1007,3941007,+919841501060,2026-10-05 15:54:36,Inbound,NO ANSWER,918914458287
30,Hue1010,3941011,+919840926172,2026-10-05 15:36:03,Inbound,NO ANSWER,918914458221
31,Hue1002,3941002,+917092386833,2026-10-05 15:11:11,Inbound,NO ANSWER,918914458224
32,Hue1010,3941011,+919994531310,2026-10-05 15:10:35,Inbound,NO ANSWER,918914458221
33,Hue1010,3941011,+919994531310,2026-10-05 15:10:27,Inbound,NO ANSWER,918914458221
34,Hue1010,3941011,+919789481143,2026-10-05 14:51:30,Inbound,NO ANSWER,918914458221
35,Hue1010,3941011,+919789481143,2026-10-05 14:50:44,Inbound,NO ANSWER,918914458221
36,Hue1003,3941003,+919944435994,2026-10-05 14:26:51,Inbound,NO ANSWER,918914458223
37,Hue1003,3941003,+919884055690,2026-10-05 14:25:08,Inbound,NO ANSWER,918914458223
38,Hue1010,3941011,+919790862525,2026-10-05 14:06:40,Inbound,NO ANSWER,918914458221
39,Hue1004,3941004,+919500604569,2026-10-05 13:57:59,Inbound,NO ANSWER,918914458332
40,Hue1004,3941004,+919840021432,2026-10-05 13:55:30,Inbound,NO ANSWER,918914458332
41,Hue1011,3941012,+919818642123,2026-10-05 13:54:03,Inbound,NO ANSWER,918914458267
42,Hue1002,3941002,+919600038949,2026-10-05 13:53:12,Inbound,NO ANSWER,918914458224
43,Hue1002,3941002,+919600038949,2026-10-05 13:53:06,Inbound,NO ANSWER,918914458224
44,,,+917904898449,2026-10-05 13:51:10,Inbound,NO ANSWER,918914458156
45,Hue1004,3941004,+919500604569,2026-10-05 13:44:42,Inbound,NO ANSWER,918914458332
46,Hue1009,3941009,+919840294486,2026-10-05 13:41:33,Inbound,NO ANSWER,918914458330
47,Hue1003,3941003,+919094900769,2026-10-05 13:41:12,Inbound,NO ANSWER,918914458223
48,Hue1003,3941003,+919094900769,2026-10-05 13:41:06,Inbound,NO ANSWER,918914458223
49,,,+919677050891,2026-10-05 13:33:41,Inbound,NO ANSWER,914440835102
50,Hue1007,3941007,+918668032756,2026-10-05 13:13:36,Inbound,NO ANSWER,918914458287
51,,,+919841395698,2026-10-05 13:11:03,Inbound,NO ANSWER,918914458156
52,Hue1003,3941003,+919384666598,2026-10-05 12:59:13,Inbound,NO ANSWER,918914458223
53,Hue1009,3941009,+919840294486,2026-10-05 12:52:28,Inbound,NO ANSWER,918914458330
54,Hue1002,3941002,+917092386833,2026-10-05 12:33:11,Inbound,NO ANSWER,918914458224
55,Hue1003,3941003,+917397220868,2026-10-05 12:29:15,Inbound,NO ANSWER,918914458223
56,Hue1003,3941003,+917397220868,2026-10-05 12:28:33,Inbound,NO ANSWER,918914458223
57,Hue1003,3941003,+917397220868,2026-10-05 12:28:21,Inbound,NO ANSWER,918914458223
58,Hue1011,3941012,+919910333922,2026-10-05 12:20:34,Inbound,NO ANSWER,918914458267
59,Hue1011,3941012,+919910333922,2026-10-05 12:20:23,Inbound,NO ANSWER,918914458267
60,Hue1004,3941004,+918148473085,2026-10-05 12:15:42,Inbound,NO ANSWER,918914458332
61,Hue1008,3941008,+919940009622,2026-10-05 11:40:37,Inbound,NO ANSWER,918914458220
62,Hue1008,3941008,+919600004254,2026-10-05 11:27:59,Inbound,NO ANSWER,918914458220
63,Hue1008,3941008,+919600004254,2026-10-05 11:18:04,Inbound,NO ANSWER,918914458220
64,Hue1008,3941008,+919677090976,2026-10-05 11:16:23,Inbound,NO ANSWER,918914458220
65,,,+919025867838,2026-10-05 11:10:24,Inbound,NO ANSWER,914440835102
66,Hue1008,3941008,+919600004254,2026-10-05 11:07:01,Inbound,NO ANSWER,918914458220
67,,,+919841395698,2026-10-05 11:05:35,Inbound,NO ANSWER,918914458156
68,,,+919805000111,2026-10-05 10:57:48,Inbound,NO ANSWER,914440835102
69,Hue1002,3941002,+917092386833,2026-10-05 10:54:44,Inbound,NO ANSWER,918914458224
70,,,+918148473085,2026-10-05 10:51:51,Inbound,NO ANSWER,914440835102
71,Hue1003,3941003,+919884188654,2026-10-05 10:50:26,Inbound,NO ANSWER,918914458223
72,Hue1003,3941003,+919884188654,2026-10-05 10:49:47,Inbound,NO ANSWER,918914458223
73,Hue1002,3941002,+917092386833,2026-10-05 10:45:50,Inbound,NO ANSWER,918914458224
74,Hue1002,3941002,+917092386833,2026-10-05 10:45:40,Inbound,NO ANSWER,918914458224
75,,,+919003550054,2026-10-05 10:38:23,Inbound,NO ANSWER,918914458156
76,Hue1005,3941005,+919087066642,2026-10-05 10:15:06,Inbound,NO ANSWER,918914458296
77,,,+919445211935,2026-10-05 10:12:06,Inbound,NO ANSWER,918914458156
78,,,+918667326824,2026-10-05 10:11:52,Inbound,NO ANSWER,918914458156
79,Hue1005,3941005,+919087066642,2026-10-05 10:10:27,Inbound,NO ANSWER,918914458296
80,Hue1005,3941005,+919087066642,2026-10-05 10:10:11,Inbound,NO ANSWER,918914458296
81,Hue1005,3941005,+919087066642,2026-10-05 10:10:01,Inbound,NO ANSWER,918914458296
82,Hue1005,3941005,+919087066642,2026-10-05 10:09:54,Inbound,NO ANSWER,918914458296
83,Hue1011,3941012,+919810137294,2026-10-05 09:42:08,Inbound,NO ANSWER,918914458267
84,Hue1011,3941012,+916385235998,2026-10-05 09:34:19,Inbound,NO ANSWER,918914458267
85,Hue1008,3941008,+919600872700,2026-10-05 09:28:04,Inbound,NO ANSWER,918914458220
86,Hue1008,3941008,+919840182265,2026-10-05 07:37:16,Inbound,NO ANSWER,918914458220
