S.No,Account No,Member ID,Member Name,Member Email,Project Name,Member Extension,Ready Time,Not Ready Time,Break Time,Lunch Time,Meeting Time,Query Time,Login Time,Logout Time,Inbound Total,Inbound Answered,Inbound Unanswered,Outbound Total,Outbound Answered,Outbound Unanswered,Inbound Talk Time,Outbound Talk Time
1,3941999388070,134540,AI Bot,AI@gmail.com,,3941010,00:00:00,00:00:00,00:00:00,00:00:00,00:00:00,00:00:00,00:00:00,00:00:00,0,0,0,0,0,0,00:00:00,00:00:00
2,3941999388070,7068,Hue1001,Hue1001@gmail.com,,3941001,04:00:33,01:21:34,00:13:15,00:56:42,00:10:29,00:00:00,06:54:51,00:01:41,4,4,0,114,33,81,00:18:31,00:43:32
3,3941999388070,7069,Hue1002,Hue1002@gmail.com,,3941002,05:25:44,01:08:21,00:11:55,00:00:00,00:16:51,00:00:00,07:17:01,00:01:11,11,4,7,126,62,64,00:12:57,01:00:31
4,3941999388070,7070,Hue1003,Hue1003@gmail.com,,3941003,06:41:03,00:49:32,00:11:51,00:00:00,00:00:00,00:00:00,08:36:08,01:26:47,29,5,24,120,38,82,00:07:56,01:07:20
5,3941999388070,7071,Hue1004,Hue1004@gmail.com,,3941004,02:07:26,05:23:33,00:16:17,00:28:19,00:48:29,00:00:00,06:45:39,00:01:57,7,2,5,80,37,43,00:10:58,01:30:44
6,3941999388070,7072,Hue1005,Hue1005@gmail.com,,3941005,00:00:00,00:00:00,00:00:00,00:00:00,00:00:00,00:00:00,00:00:00,00:00:00,7,0,7,0,0,0,00:00:00,00:00:00
7,3941999388070,7073,Hue1006,Hue1006@gmail.com,,3941006,00:00:00,00:00:00,00:00:00,00:00:00,00:00:00,00:00:00,00:00:00,00:00:00,0,0,0,0,0,0,00:00:00,00:00:00
8,3941999388070,7074,Hue1007,Hue1007@gmail.com,,3941007,07:53:30,00:55:18,00:14:32,00:36:01,00:00:00,00:00:00,08:15:34,00:00:29,16,5,11,176,86,90,00:16:52,01:50:32
9,3941999388070,7399,Hue1008,Hue1008@gmail.com,,3941008,06:12:13,00:51:02,00:15:15,00:31:49,00:00:00,00:00:00,08:35:38,00:00:57,22,15,7,159,69,90,00:40:47,01:26:32
10,3941999388070,7400,Hue1009,Hue1009@gmail.com,,3941009,07:31:07,01:17:49,00:59:18,00:00:00,00:00:00,00:00:00,07:40:54,00:03:04,4,2,2,47,29,18,00:09:23,00:36:54
11,3941999388070,176125,Hue1010,Hue1010@gmail.com,,3941011,03:36:09,04:57:42,00:32:45,00:38:05,00:12:55,00:00:00,07:08:58,00:00:26,9,3,6,115,43,72,00:07:01,01:21:33
12,3941999388070,176126,Hue1011,Hue1011@gmail.com,,3941012,05:14:51,01:08:07,00:30:18,00:25:44,00:00:00,00:00:00,07:49:57,00:02:01,12,6,6,197,68,129,00:02:42,01:05:23
13,3941999388070,176127,Hue1012,Hue1012@gmail.com,,3941013,07:12:08,00:55:19,00:12:07,00:26:42,00:13:09,00:00:00,07:15:59,00:00:49,5,5,0,29,13,16,00:18:34,00:12:06
