S.No,CLI Number,Member CID Number,Queue Call Date,Member UUID,Queue Group Name,Offered Agents
1,914440835102,+918248558309,2026-10-05 17:33:20,99b0fe3f-ef33-401a-b128-bde1fe908f9b,Hue-Queue,3941012
2,918914458156,+917904898449,2026-10-05 13:51:36,0db53146-38c0-4759-aa8d-a2cc26ce64bb,"8914458297-1006,1001",
3,914440835102,+919677050891,2026-10-05 13:34:06,78d5e06d-3474-4023-95ff-388a598f40b0,Hue-Queue,"3941003,3941008"
4,918914458156,+919841395698,2026-10-05 13:11:28,af24cdf8-d825-4ba0-8662-9d6c304b6b5b,"8914458297-1006,1001",
5,914440835102,+919025867838,2026-10-05 11:10:57,0231a7a9-ad88-4c72-ab27-d10b36c85996,Hue-Queue,"3941008,3941013"
6,918914458156,+919841395698,2026-10-05 11:06:00,cb104001-f39f-4fe8-9cec-2fdc667332d4,"8914458297-1006,1001",
7,914440835102,+919805000111,2026-10-05 10:59:55,26e28506-311e-4f0d-b5cb-888447a53005,Hue-Queue,"3941003,3941007,3941008"
8,914440835102,+918148473085,2026-10-05 10:52:16,768b05fb-4fda-4967-b207-4ed67df3fc40,Hue-Queue,"3941003,3941007"
9,918914458156,+919003550054,2026-10-05 10:38:34,cdae3caf-c41a-4765-89eb-3b1766d8624d,"8914458297-1006,1001",
10,918914458156,+919445211935,2026-10-05 10:12:31,0366f79c-fcb9-499f-9eb1-c25c2834e00b,"8914458297-1006,1001",
11,918914458156,+918667326824,2026-10-05 10:11:52,6223709f-1769-41ea-8265-3d875de170fa,"8914458297-1006,1001",
